order_id,late_probability,predicted_late,checkpoint_id
order-b81303e5c666b6ebc20b49c4946b4cad,0.5079316572312801,True,v0001
order-8ceeeba902b536c3c31cb20ab7d0e3a2,0.49882802430873857,False,v0001
order-0ec84a3ab57c1b1b20bbe281dcccb834,0.5043886428481688,True,v0001
order-d6ed8398d4b89e04b28a685fd990cc5b,0.5016257296699759,True,v0001
order-4d5bd03d4e2c2311fcacf293f0bf2f29,0.49575694930581354,False,v0001
order-f9c2a83041f8c59c2aeead574fa2e8a1,0.5018471307472094,True,v0001
order-1c55683ab56d584245c42b2b3bf2ccfb,0.5062465854655362,True,v0001
order-db8f60601a3e3e883c513880d8d9c492,0.5052720037735797,True,v0001
order-eb6c9e7b8e2ab547494650c4bfad21be,0.4949239999981213,False,v0001
order-b767717332c55ecb08eeeca6e5400c59,0.4980005298052575,False,v0001
order-5a5a836b28e1a432a635ae6155cf7046,0.5046147816894546,True,v0001
order-24be8927089096d5c28707e84ba97739,0.5030031310079931,True,v0001
order-2b33aec3c424211a0e8b97257e80540e,0.4988201600119764,False,v0001
order-26a1443b67b88edbfa1bfc48ff55a669,0.5051057931146734,True,v0001
order-e125d05b8b52918665e2fc7d1c0f4a42,0.5062371359397816,True,v0001
order-af8b24850ac7dbe346f077faad484abf,0.49825074951368553,False,v0001
order-c782c2aa538c1848f2a0b35e394361dc,0.49772395592891444,False,v0001
order-062970bbd1c96f04e8b91fda383794a3,0.5012519566686471,True,v0001
order-9f58925c2b42e87a1c260d1344412cf0,0.5030104661968553,True,v0001
order-726181aa45b59917312b0fb59fe2af9d,0.5008449511378846,True,v0001
order-a6de39879ed64c1bb5b75671fb037aef,0.49819322954123796,False,v0001
order-b3b618c18bcde894deb70168815895b9,0.4963393566959911,False,v0001
order-13d758863f2aa53e5076f74d97ff5067,0.5043703893954126,True,v0001
order-315c7668729ff8b730d7a7bbf3af04cf,0.5010457538034666,True,v0001
order-5eca8182efdf608d3a068fcc64723616,0.49252170024578,False,v0001
order-e1b98a28c1d7dbbbb0af512e70a7af2f,0.5039815523412227,True,v0001
order-04eace9775e163b268d028034dadcf44,0.49683261877653034,False,v0001
order-20328fa03708671aed3d1a61822ea363,0.5016841333896406,True,v0001
order-a1d3e46b51e962ac03b9a6fc7f4d9a7b,0.50196088275742,True,v0001
order-ad235e55f9865084a00f8081caea7671,0.5005268731589984,True,v0001
order-22266898147398a3121e91c5b82413de,0.5070356786043122,True,v0001
order-4d423ee0cad3e3392f6f64aae7bced1e,0.5091383394069297,True,v0001
order-33010978f9684d76bd04948ae32e08f3,0.49797863550623683,False,v0001
order-25b481d3c02de99354ed6c848c0bf031,0.510106532285364,True,v0001
order-260f3ecb98fac091eda237a13160789c,0.4992387816025188,False,v0001
order-5d926cc58458655f69616fe51e377078,0.5046138422550784,True,v0001
order-152c24f4b0425c689744bb65912c62e3,0.5019662832447745,True,v0001
order-c4c254bf851942cde57d704305ba0a28,0.504087782968354,True,v0001
order-d4dbab7a545e1b7d234238a2290ff2be,0.5072700069259319,True,v0001
order-6fc4c3bea5b6a94403a88195ec887bf7,0.4978537905033698,False,v0001
order-addbce41fafd617d119bbc3a9dd124f0,0.5035416507128532,True,v0001
order-dbe9e4dc838281aa28ee1b9343030229,0.49772131810146314,False,v0001
order-d72cd91c09dae0eac1b991e32e38e5d1,0.5006176184201739,True,v0001
order-cd35b48eeb39811171c89c30c3000561,0.4939946542347413,False,v0001
order-f838a9e8a0a3dfd5207a38d5a5a44a59,0.5056305933031198,True,v0001
order-12ac414af0ae84c92ec475b899225586,0.5024677151733543,True,v0001
order-54ef8daef6553b24de7fcf993f92ddf1,0.5096515770940985,True,v0001
order-97a4a55da0821a273d1af8d19021b0db,0.5084032765594724,True,v0001
order-cc994c4bf24fc373c0f645ad40d9bb93,0.492172830795929,False,v0001
order-e52797f865e32a7826fa88336c042143,0.49747238836662916,False,v0001
