order_id,timestamp,distance_km,prep_minutes,order_value,was_late
order-1f626cc0f53d3b052a3f9b81806bf0c5,2026-10-01T06:24:58.251052Z,12.32,55,19.17,True
order-12e1426e613a87599e2b0e45a72e52f7,2026-10-01T06:24:58.251247Z,8.49,43,47.92,False
order-9dd7826563b5b2ae2012d08ca01bd4b5,2026-10-01T06:24:58.251408Z,10.63,40,113.88,False
order-56cb49624be3e5aa1445d9f393a54025,2026-10-01T06:24:58.251728Z,7.78,51,103.57,False
order-87807b8a0967856d280b3fcb08835629,2026-10-01T06:24:58.251924Z,23.94,34,51.58,True
order-8f177ee04f12ee0b78144884b2bca2b8,2026-10-01T06:24:58.252025Z,24.66,19,55.44,False
order-753d37e63cc31cc3a1d5425436cdf409,2026-10-01T06:24:58.252072Z,26.14,36,21.51,True
order-a3826bfbce3322c4e1d81d2061441b06,2026-10-01T06:24:58.252107Z,6.9,32,109.46,True
order-bcf0a2ec23eff6c449fa784eabb35291,2026-10-01T06:24:58.252231Z,1.14,26,55.61,False
order-d1a708affca04cfab72b5929897bab0a,2026-10-01T06:24:58.252277Z,24.27,71,13.99,True
order-a6f68d5c3d8cf766bb0fd47c1841f187,2026-10-01T06:24:58.252301Z,17.19,21,32.3,False
order-bb03273b6584be5ca71e61b75236aac2,2026-10-01T06:24:58.252322Z,6.89,19,33.79,True
order-cb7651fa1566800ddbadb2e100bae043,2026-10-01T06:24:58.252342Z,7.38,77,102.92,True
order-7201918a0d3a472b90b5e162adb15ef1,2026-10-01T06:24:58.252363Z,5.7,39,96.9,True
order-d9f78c94453167048187753e9cd39477,2026-10-01T06:24:58.252395Z,22.99,10,97.1,False
order-0fc87331d9878f46475909a8b054f7a8,2026-10-01T06:24:58.252416Z,24.27,78,57.69,False
order-efb672a478089c519d3a9daeeb94a739,2026-10-01T06:24:58.252436Z,14.99,88,71.39,True
order-583e7e0e2153672719622950c884a3ca,2026-10-01T06:24:58.252457Z,18.17,29,32.19,False
order-e78c83d4fcea279711bf16a3f63b8d51,2026-10-01T06:24:58.252477Z,20.49,33,95.2,True
order-1bb537259b03ba75a2f63cb83cee2026,2026-10-01T06:24:58.252499Z,14.96,56,115.73,False
order-4e7cdd974717dae3ccb01b5521b304c8,2026-10-01T06:24:58.252520Z,14.27,60,47.0,True
order-c47f2a07dfc84a75b1ef841b5bae0f9c,2026-10-01T06:24:58.252541Z,26.67,38,100.38,False
order-6a89534f48ab8bb8adfd5b8cf5edb1b2,2026-10-01T06:24:58.252562Z,15.83,74,106.45,False
order-25cb5207bfb05bd8598d8f906a6f7fa9,2026-10-01T06:24:58.252582Z,22.55,18,101.66,True
order-e579ae802e1065c1cb7a0e40efa92f70,2026-10-01T06:24:58.252604Z,1.98,54,51.47,False
order-b00650bc161ee83dbf880918f395d0ad,2026-10-01T06:24:58.252625Z,7.19,64,70.99,False
order-077e48aa402aab797ac3566b397565d8,2026-10-01T06:24:58.252646Z,11.8,21,76.7,False
order-775aac47d749c49b57d7c406243590f5,2026-10-01T06:24:58.252667Z,24.37,50,100.81,False
order-f1138c7eafa77f8c4c8769034436973c,2026-10-01T06:24:58.252689Z,7.47,32,34.81,True
order-07d130fe8f165d4325da84a5851a36e5,2026-10-01T06:24:58.252709Z,2.1,87,23.69,False
order-f1bef0239e17da28be5edd7d78e24602,2026-10-01T06:24:58.252730Z,19.28,84,24.33,False
order-5183186297ad2b8ccc57d663f67febcc,2026-10-01T06:24:58.252751Z,13.09,16,102.68,True
order-edac1cdfea01eb445727476f309cbfee,2026-10-01T06:24:58.252780Z,27.05,46,108.01,False
order-e9bf593c8abe100adc4022b253e6dfe9,2026-10-01T06:24:58.252803Z,16.01,38,5.01,False
order-a986e728ff7fe2d3921c143377708ca8,2026-10-01T06:24:58.252824Z,5.38,55,23.03,False
order-671190593eded016dcf03188cb223bf4,2026-10-01T06:24:58.252847Z,12.39,48,96.59,True
order-72b5b1b67e6aa9138dd4ca89d4bf279e,2026-10-01T06:24:58.252867Z,28.83,78,70.0,True
order-704c181f57d493126b61aaf8d38d8369,2026-10-01T06:24:58.252891Z,20.79,28,76.37,True
order-27e291bd6bfdb70b2e7e612c00af05c5,2026-10-01T06:24:58.252915Z,16.6,83,43.42,True
order-ae08e5c20fdb2b799d7c34bbc6c1bb5d,2026-10-01T06:24:58.252941Z,2.76,69,107.82,False
order-56bb5dbaea7447ce2cc129048d473b7e,2026-10-01T06:24:58.252965Z,2.51,44,5.57,True
order-eb7beb04801939feb51c8985473398b7,2026-10-01T06:24:58.252989Z,16.62,60,91.78,False
order-dc0a8b87258f74e114a0df56a530cfe2,2026-10-01T06:24:58.253015Z,13.74,66,14.94,True
order-60773f6315adfd76067c69a88e7aeb49,2026-10-01T06:24:58.253082Z,5.02,25,89.62,False
order-3b151ddd0947d5a9bb49ca25194e50aa,2026-10-01T06:24:58.253253Z,23.89,27,99.36,True
order-bad87e2a82f1af73625f0bcdc04dd1ae,2026-10-01T06:24:58.253296Z,6.84,18,47.94,False
order-3d7e6f9284702f3e6337a4cb34a6309b,2026-10-01T06:24:58.253340Z,25.24,65,50.43,False
order-3dbf9c399ba081ffb345b126b40c3125,2026-10-01T06:24:58.253361Z,8.21,81,19.57,False
order-bf6ee8b42060d18da5e6b92e42f24ee4,2026-10-01T06:24:58.253382Z,24.34,25,38.05,True
order-cea616b5034505ea39d2b40ade607f93,2026-10-01T06:24:58.253402Z,21.03,18,88.3,False
