order_id,timestamp,distance_km,prep_minutes,order_value,was_late,hour,is_peak
order-5087242f31fcbf198a5c36880fba9ec7,2026-10-01T15:21:52.096930Z,24.45,29,31.27,True,15,False
order-b08d84406272afd8b7d15cff6f20b9be,2026-10-01T15:21:52.097099Z,17.04,69,96.97,False,15,False
order-01e304111ffec9d30d364f2237709157,2026-10-01T15:21:52.097148Z,12.81,80,45.77,True,15,False
order-9b380ccceee477f4068a7cfef9e78b39,2026-10-01T15:21:52.097196Z,13.64,80,83.53,False,15,False
order-198f6a4a3e58aaf6ddcb9d4e8959a749,2026-10-01T15:21:52.097228Z,13.12,10,33.01,True,15,False
order-8a5806bfd1b87d9da223f7b4284fe279,2026-10-01T15:21:52.097258Z,15.48,73,30.49,False,15,False
order-2d2dc5b78bd1e2a06a196a48f1842620,2026-10-01T15:21:52.097289Z,6.73,89,39.06,True,15,False
order-1bb278fda7132ea6f7fdc07e7b5b87e3,2026-10-01T15:21:52.097317Z,25.15,78,73.45,True,15,False
order-35bba283a5813dc29610c06fe2825175,2026-10-01T15:21:52.097346Z,7.45,39,37.56,False,15,False
order-a02a06d04f0b4378ea74723a8801302f,2026-10-01T15:21:52.097377Z,29.5,10,38.32,False,15,False
order-ddc8ae49fdbe8121c33fc179d49615ed,2026-10-01T15:21:52.097407Z,24.04,22,25.17,False,15,False
order-70e2048c1abfd715834796ecd96e5c7d,2026-10-01T15:21:52.097437Z,20.26,67,89.27,True,15,False
order-16ea1fefe903c212acf03906d8d03f7e,2026-10-01T15:21:52.097465Z,4.01,85,115.46,False,15,False
order-d7cc26346e3f6e3e44b00c9dbaab320d,2026-10-01T15:21:52.097494Z,28.93,41,57.71,True,15,False
order-0ce9c6b74ca62be3834d8a2c3107ee60,2026-10-01T15:21:52.097522Z,13.16,52,98.16,True,15,False
order-39ffddbaaa3e0b8ad7b24a4770a459ee,2026-10-01T15:21:52.097550Z,9.65,31,52.89,False,15,False
order-02337b0676bba2a99e97db5e803358d3,2026-10-01T15:21:52.097578Z,17.95,45,27.25,False,15,False
order-0dc3721e6104acbc29afb653f9b974c5,2026-10-01T15:21:52.097607Z,19.99,43,40.78,True,15,False
order-5b8423808e14a30aa5aebf59f49b2046,2026-10-01T15:21:52.097635Z,1.83,45,76.01,False,15,False
order-ea13736523da81bbce4e5b19f221f0c5,2026-10-01T15:21:52.097663Z,17.19,46,88.29,False,15,False
order-641b01171c8ff215a21c59e9a34cddfa,2026-10-01T15:21:52.097691Z,16.54,35,110.79,False,15,False
order-c884a7cb426d6eca43ac917d5b7e56af,2026-10-01T15:21:52.097720Z,12.02,57,39.04,False,15,False
order-5c86d9437cd0b22f53e1955b8138f86c,2026-10-01T15:21:52.097748Z,8.0,73,78.7,False,15,False
order-ce28179daaba00270ead900e5d68b933,2026-10-01T15:21:52.097777Z,21.83,37,53.04,False,15,False
order-efa491d358e3f7506de4920ed69dd063,2026-10-01T15:21:52.097805Z,17.7,17,6.7,False,15,False
order-9f29a2601b556f84da339f85a3a9a0f5,2026-10-01T15:21:52.097834Z,26.15,61,93.05,False,15,False
order-22110fd27cbc725bfd50cf4182f79bfe,2026-10-01T15:21:52.097864Z,26.41,78,99.76,True,15,False
order-52168c93d294ada2f097d0da258f2363,2026-10-01T15:21:52.097892Z,20.71,31,100.61,False,15,False
order-4cd188858f46f54d63d366279f247a83,2026-10-01T15:21:52.097921Z,6.0,48,93.03,True,15,False
order-588c9b87215532b8ba575e1a0d064ce3,2026-10-01T15:21:52.097950Z,6.3,87,118.26,True,15,False
order-c51798a4cb27ac33074ccba758cee7bd,2026-10-01T15:21:52.097980Z,23.32,57,34.63,True,15,False
order-a38328ee63586edab14db57381e81d2e,2026-10-01T15:21:52.098008Z,27.58,49,107.85,False,15,False
order-76967f58549429cc83f39e98917b0eb1,2026-10-01T15:21:52.098038Z,2.29,25,110.41,True,15,False
order-69c510bf11ec928427b67bbe5bd4e1bd,2026-10-01T15:21:52.098068Z,11.74,22,94.62,False,15,False
order-9e111ffbd38de9b65bfef61eca010316,2026-10-01T15:21:52.098097Z,12.64,30,21.54,False,15,False
order-7e04a77ec52d0d6287e94705b5ddbd49,2026-10-01T15:21:52.098125Z,21.69,52,10.36,True,15,False
order-8fc0d4acce424dd253048bc8a96174be,2026-10-01T15:21:52.098153Z,6.17,66,10.08,False,15,False
order-6ef31fc6777c7c2159f8c9bc9693be3f,2026-10-01T15:21:52.098180Z,10.27,86,63.0,True,15,False
order-b834d27950bf25970f56490fef0061be,2026-10-01T15:21:52.098209Z,14.94,11,44.47,False,15,False
order-b02069380ba6fa45c9d0553d13e1909a,2026-10-01T15:21:52.098237Z,25.62,49,9.75,False,15,False
order-3f973bae7da44c8ed3c54c37575b5285,2026-10-01T15:21:52.098265Z,23.7,89,54.72,False,15,False
order-698b1133bbcfa6e6363d8d593e506bf5,2026-10-01T15:21:52.098294Z,24.23,34,28.18,True,15,False
order-bf44d79fdf5b499d63eeba9f81b5e7c7,2026-10-01T15:21:52.098322Z,26.83,72,96.59,True,15,False
order-e5d12ef9d8e35982e98ad8589c40f794,2026-10-01T15:21:52.098350Z,7.95,23,27.51,False,15,False
order-39d6dfcd2c707b76c7f37f9a5782f1b2,2026-10-01T15:21:52.098377Z,14.46,72,116.55,True,15,False
order-602d46cc250e99e81260172ef3c9e5c9,2026-10-01T15:21:52.098405Z,5.85,37,115.29,False,15,False
order-965f5ccbbd63d3c09cabb8b253e3eb89,2026-10-01T15:21:52.098434Z,0.75,10,34.49,False,15,False
order-8500c0495bfe87271b947cb50a027750,2026-10-01T15:21:52.098465Z,4.51,32,39.03,False,15,False
order-68063624d4db8952ee5c7a6f477ef4b1,2026-10-01T15:21:52.098494Z,0.61,45,82.03,False,15,False
order-db912ba4167003b3730eeb40bfc2d70d,2026-10-01T15:21:52.098522Z,5.84,58,15.92,True,15,False
